name,class,origin,transform_matrix,radius,width,height,focal_length
None,WedgePlate,"{0.0, 0.0, 0.0}","{{1.0, 0.0, 0.0}, {0.0, 1.0, 0.0}, {0.0, 0.0, 1.0}}",None,None,None,None
None,SquareRefractive,"{0.25, 0.0, 0.0}","{{0.9982005399352042, 0.05996400647944461, 0.0}, {-0.05996400647944461, 0.9982005399352042, 0.0}, {0.0, 0.0, 1.0}}",None,2,2,None
None,SquareRefractive,"{-0.25, 0.0, 0.0}","{{0.9982005399352042, -0.05996400647944461, 0.0}, {0.05996400647944461, 0.9982005399352042, 0.0}, {0.0, 0.0, 1.0}}",None,2,2,None
